name,vendor,price
VHS Long Bill Adjustable Baseball Cap,Village Hat Shop,$21.95 USD
Mesh Aussie Grande 3.5 Inch Brim Hat,Henschel,$64.99 USD
Classic Roll Up Cotton Bucket Hat,Dorfman Pacific,$24.95 USD
Packable Cotton Twill Safari Fedora Hat,Dorfman Pacific,$44.95 USD
Aussie Mesh Packable Hat,Henschel,$64.99 USD
Torrey UPF 50+ Long Bill Adjustable Baseball Cap,Torrey Hats,$24.95 USD
Cotton Canvas Safari Fedora Hat,Panama Jack,$48.95 USD
T3 Classic Cotton Duck Hat,Tilley Endurables,$99.00 USD
Cossack Faux Fur Hat,Jaxon Hats,$44.95 USD
Cotton Safari Fedora Hat,Jaxon Hats,$49.95 USD
Officially Licensed Timary Crushable ProvatoKnit Safari Fedora Hat,Indiana Jones,$59.95 USD
Mesh Crown Wide Brim Aussie Hat,Dorfman Pacific,$44.95 USD
Jetty Supplex Booney Hat,Dorfman Pacific,$39.95 USD
Mesh Covered Safari Hat,Scala,$59.95 USD
Cotton Twill Outback Fedora Hat,Dorfman Pacific,$49.95 USD
Nubuck Leather Safari Fedora Hat,Jaxon Hats,$59.95 USD
LTM6 Airflo Hat - Khaki/Olive,Tilley Endurables,$99.00 USD
Officially Licensed Weathered Cotton Safari Fedora Hat,Indiana Jones,$49.95 USD
Weathered UPF 50+ Cotton Outback Hat,Dorfman Pacific,$50.00 USD
Supplex Aussie Hat,Dorfman Pacific,$32.00 USD
LTM2 Airflo Wide Brim Hat,Tilley Endurables,$99.00 USD
Weathered Cotton Bucket Hat,Conner,$65.00 USD
Microfibre Flap Baseball Cap,Dorfman Pacific,$32.95 USD
Officially Licensed Cotton Safari Fedora Hat,Indiana Jones,$52.00 USD
Cotton Oilcloth Safari Fedora Hat,Jaxon Hats,$59.95 USD
Gardener Lattice Palm Straw Wide Brim Hat,Tula Hats,$69.95 USD
Solarweave Breezer Aussie Hat,Dorfman Pacific,$44.95 USD
Leather Safari Fedora Hat,Henschel,$130.00 USD
Fairway Cotton Bucket Hat,Scala,$34.99 USD
Jungle Utility Cords Cotton Bucket Hat,Kangol,$70.00 USD
Weathered Cotton Aussie Hat,Dorfman Pacific,$44.95 USD
LTM3 Airflo Snap-Up Hat,Tilley Endurables,$99.00 USD
Sun Tripper Cadet Cap,Sunday Afternoons,$42.00 USD
Outback Palm Straw Hat with Chincord,Tula Hats,$59.95 USD
Crusher Leather Outback Hat,Jaxon Hats,$79.95 USD
Wool Campaign Hat with Adjustable Chin Strap,Scala,$74.00 USD
Wool Ushanka Trapper Hat,Kangol,$85.00 USD
LTM5 Airflo Hat,Tilley Endurables,$99.00 USD
Mesh Crown Cotton Safari Fedora Hat,Panama Jack,$48.95 USD
PFG Fish Flag Mesh Flexfit Fitted Baseball Cap,Columbia Sportswear,$30.00 USD
Bora Bora Booney Hat,Columbia Sportswear,$32.00 USD
Aussie Solarweave Crushable Fedora Hat,Henschel,$61.99 USD
Adventure Hat,Sunday Afternoons,$54.00 USD
The Milford Wax Cotton Fedora Hat,Hills Hats of New Zealand,$99.95 USD
Original Wool Cap,Stormy Kromer,$54.95 USD
Cotton Canvas Mesh Drover Hat,Barmah,$56.00 USD
Utah TechStraw Lifeguard Hat,Riverz by San Francisco Hat Company,$150.00 USD
LTM6 Airflo - Olive Green,Tilley Endurables,$99.00 USD
Chin Cord Cotton Aussie Hat,Dorfman Pacific,$44.95 USD
The Squatter Waxed Cotton Booney Hat,Hills Hats of New Zealand,$89.95 USD
Officially Licensed Weathered Cotton Outback Hat,Indiana Jones,$69.95 USD
Mesh Crown Aussie Hat,Jaxon Hats,$39.95 USD
The McKenzie Waxed Cotton Outback Hat,Hills Hats of New Zealand,$99.95 USD
Crusher Leather Outback Hat - Copper,Jaxon Hats,$75.00 USD
Schooner Bank Cachalot Neckflap Baseball Cap,Columbia Sportswear,$32.00 USD
Scout TechStraw Gus Hat,Riverz by San Francisco Hat Company,$145.00 USD
Latitude Outdoor Hat,Sunday Afternoons,$60.00 USD
Sun Guide Cap,Sunday Afternoons,$54.00 USD
Chelan Suede Leather Safari Fedora Hat,Stetson,$90.00 USD
Carp Cotton Outback Hat,Panama Jack,$41.95 USD
American Bison Leather Foldaway Drover Hat,Barmah,$100.00 USD
Leather Aussie Fedora Hat,Henschel,$140.00 USD
Weathered Cotton Booney Hat,Conner,$68.00 USD
Tree Flag Mesh Flexfit Fitted Baseball Cap,Columbia Sportswear,$30.00 USD
Rancher Wool Cap,Stormy Kromer,$65.95 USD
The Sou'wester Waxed Cotton Bucket Hat,Hills Hats of New Zealand,$99.95 USD
TH5 Hemp Hat,Tilley Endurables,$109.00 USD
Joe TechStraw Fedora Hat,Riverz by San Francisco Hat Company,$145.00 USD
PFG Fall River Acrylic Knit Beanie Hat,Columbia Sportswear,$30.00 USD
Hawkins Weather Guard Wool Felt Western Hat,BRIXTON HATS,$109.00 USD
Seagrass Straw Safari Fedora Hat,Panama Jack,$46.95 USD
T5 Authentic Cotton Duck Hat,Tilley Endurables,$99.00 USD
Cattle Suede Leather Foldaway Drover Hat,Barmah,$72.00 USD
Coolhead Adjustable Baseball Cap,Columbia Sportswear,$32.00 USD
TWS1 All Weather Hat,Tilley Endurables,$120.00 USD
Zandar Weathered Cotton Trooper Hat,Dorfman Pacific,$44.99 USD
TWC7 Wax Cotton Hat,Tilley Endurables,$130.00 USD
Wild Faux Fur Trapper Hat,Kangol,$85.00 USD
Waxed Cotton Canvas Drover Foldaway Hat,Barmah,$68.00 USD
Waxed Cotton Cap,Stormy Kromer,$54.95 USD
Ultra Trail Strapback Baseball Cap,Sunday Afternoons,$38.00 USD
LTM3 Airflo Snap-Up Hat - Black,Tilley Endurables,$99.00 USD
TTW2 Tec Wool Hat,Tilley Endurables,$125.00 USD
Delta TechStraw Fedora Hat,Riverz by San Francisco Hat Company,$115.00 USD
Sundancer Hat,Sunday Afternoons,$48.00 USD
PFG Patch Mesh Flexfit Fitted Baseball Cap,Columbia Sportswear,$30.00 USD
Tidal Pursuit 3D Stretch Snapback Baseball Cap,Columbia Sportswear,$35.00 USD
Odyssey Poly Braid Aussie Fedora Hat,Bigalli,$73.95 USD
PHG Patch Acrylic Knit Cuffed Beanie Hat,Columbia Sportswear,$20.00 USD
Waxed Cotton Bucket Hat,Tilley Endurables,$120.00 USD
Tarpon Springs Floating Supplex Sailing Hat,Conner,$94.00 USD
Oiled Leather Aussie Fedora Hat,Henschel,$135.00 USD
Bronco Cattle Leather Foldaway Drover Hat,Barmah,$86.00 USD
Solar Bucket Hat,Sunday Afternoons,$48.00 USD
Messer Coolmax Safari Fedora Hat,BRIXTON HATS,$89.00 USD
Cooler Bronco Cattle Leather Mesh Foldaway Drover Hat,Barmah,$78.00 USD
Sou'wester Rain Hat,Kathy Jeanne,$48.00 USD
Bora Bora Printed Booney Hat,Columbia Sportswear,$40.00 USD
The Storm Waxed Cotton Bucket Hat,Hills Hats of New Zealand,$79.95 USD
T4MO Hikers Hat,Tilley Endurables,$120.00 USD
Ale Creek Acrylic Knit Beanie,Columbia Sportswear,$15.00 USD
Hooligan Wool Blend Earflap Ivy Cap,BRIXTON HATS,$75.00 USD
Alder Springs Cotton Knit Beanie Hat,Columbia Sportswear,$30.00 USD
Seams Out Nylon Fitted Baseball Cap,Kangol,$50.00 USD
Logo Technical T1 Travelers Bucket Hat,Tilley Endurables,$109.00 USD
PFG Statetriot Mesh Flexfit Fitted Baseball Cap,Columbia Sportswear,$30.00 USD
Aztec Band Trekker Hat,Conner,$94.00 USD
Corduroy Earflap Fitted Baseball Cap,Kangol,$65.00 USD
Abbott Thindown Quilted Bucket Hat - FINAL SALE,Tilley Endurables,$120.00 USD
Vintage Nylon Packable Bucket Hat,BRIXTON HATS,$49.00 USD
PFG Mexico Flag Mesh Flexfit Fitted Baseball Cap,Columbia Sportswear,$30.00 USD
Sport Hat,Sunday Afternoons,$50.00 USD
Reverie Cotton Safari Fedora Hat,Panama Jack,$46.95 USD
Coolhead Zero Booney Hat,Columbia Sportswear,$45.00 USD
Cooler Cattle Suede Leather Mesh Foldaway Drover Hat,Barmah,$66.00 USD
Flux Gorpcore Nylon Bucket Hat,Kangol,$80.00 USD
Kangol Nylon Jockey Cap,Kangol,$50.00 USD
Officially Licensed Kali Ma Vegan Leather Safari Fedora Hat,Indiana Jones,$59.95 USD
T1 Iconic Cotton Duck Bucket Hat,Tilley Endurables,$109.00 USD
Messer X Adventure Cotton Safari Fedora Hat - FINAL SALE,BRIXTON HATS,$79.00 USD
Bug-Free Cruiser Net Booney Hat,Sunday Afternoons,$64.00 USD
Boar Leather Foldaway Drover Hat,Barmah,$96.00 USD
Sun Guide Cap - Bluestone,Sunday Afternoons,$46.00 USD
Cedar Weather Guard Packable Wool Fedora Felt Hat,BRIXTON HATS,$79.00 USD
Salvaged Outdoor Cotton Booney Hat,Kangol,$75.00 USD
PHG Canine Flag Cotton & Mesh Flexfit Fitted Baseball Cap,Columbia Sportswear,$30.00 USD
Easy Carry Cotton Blend Fisherman Booney Hat,Kangol,$75.00 USD
Teflon Shield+ Melange Wool Walking Rain Hat,City Sport Caps,$109.00 USD
Wesley Weather Guard Wool Felt Packable Fedora Hat,BRIXTON HATS,$79.00 USD
Multi-Utility Neck-Flap Mask Strapback Baseball Cap,Kangol,$70.00 USD
Skein Valley Insect Shield Cachalot Neckflap Baseball Cap,Columbia Sportswear,$50.00 USD
Park Life Nylon Casual Bucket Hat,Kangol,$70.00 USD
TMH55 Mashup Airflo Hat,Tilley Endurables,$109.00 USD
Traverse DWR Ripstop Nylon Packable Bucket Hat - FINAL SALE,Tilley Endurables,$80.00 USD
No Fly Zone Defender HyperKewl Boonie Hat,Scala,$54.99 USD
Mesh Crown Hemp Safari Fedora Hat,Conner,$80.00 USD
Ultra Adventure Waterproof Storm Hat,Sunday Afternoons,$64.00 USD
Stampede Wool Crushable Outback Hat,Scala,$59.99 USD
Mesh Flexfit Fitted Baseball Cap,Columbia Sportswear,$30.00 USD
Dunes Safari Waxed Cotton Bucket Hat,BRIXTON HATS,$89.00 USD
Muskie Weather Guard Waxed Cotton Netplus Strapback Baseball Cap,BRIXTON HATS,$45.00 USD
Skein Valley Insect Shield Booney Hat,Columbia Sportswear,$60.00 USD
Striped Band Explorer Palm Straw Fedora Hat,Tula Hats,$59.95 USD
Field Cotton Aussie Sun Hat,BRIXTON HATS,$79.00 USD
Petra Sherpa Reversible Bucket Hat - FINAL SALE,BRIXTON HATS,$55.00 USD
Fly Free Trucker Snapback Baseball Cap,Sunday Afternoons,$38.00 USD
LTM6 Airflo Hat - Navy Blue,Tilley Endurables,$99.00 USD
LTM5 Airflo Hat - Toffee,Tilley Endurables,$99.00 USD
Beck Cotton Journey Outback Hat,BRIXTON HATS,$79.00 USD
Hawkins Weather Guard Wool Felt Western Hat - Black,BRIXTON HATS,$109.00 USD
PHG Timberbuck Foam Mesh Trucker Snapback Baseball Cap,Columbia Sportswear,$25.00 USD
Field Camouflage Cotton Aussie Sun Hat - Off White,BRIXTON HATS,$79.00 USD
Yargo Weathered Cotton Mesh Blend Aussie Fedora Hat,Dorfman Pacific,$50.00 USD
Ratchet Strap Snapback Baseball Cap,Columbia Sportswear,$30.00 USD
Golden Hour Trucker Snapback Baseball Cap,Sunday Afternoons,$36.00 USD
Tree Flag Mesh Flexfit Fitted Baseball Cap - Camouflage,Columbia Sportswear,$32.00 USD
Drizzle British Millerain Waxed Cotton Crushable Rain Hat - FINAL SALE,Stefeno Hats,$98.00 USD
LTM3 Airflo Snap-Up Hat - Peat/Thyme Green,Tilley Endurables,$99.00 USD
Park Life Nylon Casual Bucket Hat - Orange,Kangol,$70.00 USD
Berick Waxed Cotton MP Snapback Baseball Cap,BRIXTON HATS,$45.00 USD
PFG Back Tack Snapback Baseball Cap,Columbia Sportswear,$30.00 USD
PHG Trophy Rack Silent Omni-TECH Rain Booney - FINAL SALE,Columbia Sportswear,$45.00 USD
